<?xml version="1.0" encoding="utf-8"?>
<scene PGFVersion="0.25" GSCVersion="1.25.5977" id="id237911">
  <layers>
    <layer id="id776872">
      <actors>
        <actor id="id113430" prototype="id653830">
          <attributes>
            <point id="position">
              <real id="x">284</real>
              <real id="y">159</real>
            </point>
            <size id="size">
              <real id="width">571.2</real>
              <real id="height">321.6</real>
            </size>
            <angle id="rotation">0</angle>
            <text id="tags" />
          </attributes>
          <aspects />
        </actor>
        <actor id="id733925" prototype="id451486">
          <attributes>
            <point id="position">
              <real id="x">283</real>
              <real id="y">194</real>
            </point>
            <size id="size">
              <real id="width">107.6</real>
              <real id="height">129</real>
            </size>
            <angle id="rotation">0</angle>
            <text id="tags" />
            <image id="image">Cow2</image>
          </attributes>
          <aspects />
        </actor>
      </actors>
      <attributes>
        <text id="name">Background</text>
        <boolean id="scrollable">true</boolean>
      </attributes>
    </layer>
  </layers>
  <attributes>
    <text id="name">Opening</text>
    <real id="time">0</real>
    <size id="size">
      <real id="width">568</real>
      <real id="height">320</real>
    </size>
    <boolean id="wrapX">false</boolean>
    <boolean id="wrapY">false</boolean>
    <point id="gravity">
      <real id="x">0</real>
      <real id="y">0</real>
    </point>
    <color id="color">
      <real id="red">0</real>
      <real id="green">0</real>
      <real id="blue">0</real>
      <real id="alpha">1</real>
    </color>
    <rect id="camera">
      <point id="origin">
        <real id="x">0</real>
        <real id="y">0</real>
      </point>
      <size id="size">
        <real id="width">568</real>
        <real id="height">320</real>
      </size>
      <size id="trackingArea">
        <real id="width">488</real>
        <real id="height">260</real>
      </size>
      <real id="rotation">0</real>
    </rect>
    <attributes id="autorotate">
      <boolean id="landscapeLeft">true</boolean>
      <boolean id="portrait">false</boolean>
      <boolean id="landscapeRight">false</boolean>
      <boolean id="portraitUpsideDown">false</boolean>
    </attributes>
  </attributes>
</scene>