<?xml version="1.0" encoding="utf-8"?>
<scene PGFVersion="0.25" GSCVersion="1.25.5977" id="id505524">
  <layers>
    <layer id="id601270">
      <actors>
        <actor id="id819961" prototype="id653830">
          <attributes>
            <point id="position">
              <real id="x">284</real>
              <real id="y">163</real>
            </point>
            <size id="size">
              <real id="width">572.8</real>
              <real id="height">321.6</real>
            </size>
            <angle id="rotation">0</angle>
            <text id="tags" />
          </attributes>
          <aspects />
        </actor>
        <actor id="id427416" prototype="id269615">
          <attributes>
            <point id="position">
              <real id="x">385</real>
              <real id="y">273</real>
            </point>
            <size id="size">
              <real id="width">32.7999999999998</real>
              <real id="height">30.4</real>
            </size>
            <angle id="rotation">0</angle>
            <text id="tags" />
          </attributes>
          <aspects />
        </actor>
        <actor id="id779709" prototype="id568057">
          <attributes>
            <point id="position">
              <real id="x">78</real>
              <real id="y">253</real>
            </point>
            <size id="size">
              <real id="width">39.2</real>
              <real id="height">32.8</real>
            </size>
            <angle id="rotation">0</angle>
            <text id="tags" />
          </attributes>
          <aspects />
        </actor>
        <actor id="id321842" prototype="id997221">
          <attributes>
            <point id="position">
              <real id="x">501</real>
              <real id="y">154</real>
            </point>
            <size id="size">
              <real id="width">62.3999999999997</real>
              <real id="height">122.4</real>
            </size>
            <angle id="rotation">0</angle>
            <text id="tags" />
          </attributes>
          <aspects />
        </actor>
        <actor id="id257667" prototype="id788869">
          <attributes>
            <point id="position">
              <real id="x">272</real>
              <real id="y">-14</real>
            </point>
            <size id="size">
              <real id="width">488.799999999999</real>
              <real id="height">30.4</real>
            </size>
            <angle id="rotation">0</angle>
            <text id="tags" />
          </attributes>
          <aspects>
            <graphics>
              <attributes>
                <boolean id="visible">false</boolean>
              </attributes>
            </graphics>
            <physics>
              <attributes>
                <boolean id="canSleep">true</boolean>
                <boolean id="betterColisions">false</boolean>
              </attributes>
            </physics>
          </aspects>
        </actor>
        <actor id="id116014" prototype="id788869">
          <attributes>
            <point id="position">
              <real id="x">274</real>
              <real id="y">332</real>
            </point>
            <size id="size">
              <real id="width">479.2</real>
              <real id="height">30.4</real>
            </size>
            <angle id="rotation">0</angle>
            <text id="tags" />
          </attributes>
          <aspects />
        </actor>
        <actor id="id986856" prototype="id595732">
          <attributes>
            <point id="position">
              <real id="x">65</real>
              <real id="y">153</real>
            </point>
            <size id="size">
              <real id="width">62.4</real>
              <real id="height">124</real>
            </size>
            <angle id="rotation">0</angle>
            <text id="tags" />
          </attributes>
          <aspects />
        </actor>
        <actor id="id816987" prototype="id420624">
          <attributes>
            <point id="position">
              <real id="x">2</real>
              <real id="y">160</real>
            </point>
            <size id="size">
              <real id="width">68</real>
              <real id="height">329.6</real>
            </size>
            <angle id="rotation">0</angle>
            <text id="tags" />
          </attributes>
          <aspects />
        </actor>
        <actor id="id160024" prototype="id310025">
          <attributes>
            <point id="position">
              <real id="x">555</real>
              <real id="y">162</real>
            </point>
            <size id="size">
              <real id="width">55.2</real>
              <real id="height">332</real>
            </size>
            <angle id="rotation">0</angle>
            <text id="tags" />
          </attributes>
          <aspects>
            <graphics>
              <attributes>
                <boolean id="visible">false</boolean>
              </attributes>
            </graphics>
            <physics>
              <attributes>
                <boolean id="canSleep">true</boolean>
                <boolean id="betterColisions">false</boolean>
              </attributes>
            </physics>
          </aspects>
        </actor>
        <actor id="id830650" prototype="id900300">
          <attributes>
            <point id="position">
              <real id="x">272</real>
              <real id="y">64</real>
            </point>
            <size id="size">
              <real id="width">242.8</real>
              <real id="height">62.5999999999999</real>
            </size>
            <angle id="rotation">0</angle>
            <text id="tags" />
          </attributes>
          <aspects />
        </actor>
      </actors>
      <attributes>
        <text id="name">Background</text>
        <boolean id="scrollable">true</boolean>
      </attributes>
    </layer>
  </layers>
  <attributes>
    <text id="name">2 Player</text>
    <real id="time">0</real>
    <size id="size">
      <real id="width">568</real>
      <real id="height">320</real>
    </size>
    <boolean id="wrapX">false</boolean>
    <boolean id="wrapY">false</boolean>
    <point id="gravity">
      <real id="x">0</real>
      <real id="y">0</real>
    </point>
    <color id="color">
      <real id="red">0</real>
      <real id="green">0</real>
      <real id="blue">0</real>
      <real id="alpha">1</real>
    </color>
    <rect id="camera">
      <point id="origin">
        <real id="x">0</real>
        <real id="y">0</real>
      </point>
      <size id="size">
        <real id="width">568</real>
        <real id="height">320</real>
      </size>
      <size id="trackingArea">
        <real id="width">488</real>
        <real id="height">260</real>
      </size>
      <real id="rotation">0</real>
    </rect>
    <attributes id="autorotate">
      <boolean id="landscapeLeft">true</boolean>
      <boolean id="portrait">false</boolean>
      <boolean id="landscapeRight">false</boolean>
      <boolean id="portraitUpsideDown">false</boolean>
    </attributes>
  </attributes>
</scene>